[
  {
    "id": 1,
    "type": "guest-to-host",
    "status": "published",
    "rating": 10,
    "publicReview": "Amazing stay, very clean and comfortable.",
    "privateFeedback": "",
    "reviewCategory": [
      { "category": "cleanliness", "rating": 10 },
      { "category": "communication", "rating": 9 }
    ],
    "listingId": 101,
    "channelId": 2005,
    "guestName": "John Doe",
    "submittedAt": "2024-07-01T10:15:00Z",
    "arrivalDate": "2024-06-25",
    "departureDate": "2024-06-30",
    "listingName": "Downtown Loft"
  },
  {
    "id": 2,
    "type": "guest-to-host",
    "status": "published",
    "rating": 8,
    "publicReview": "Great location but a bit noisy at night.",
    "privateFeedback": "Improve soundproofing.",
    "reviewCategory": [
      { "category": "location", "rating": 9 },
      { "category": "value", "rating": 7 }
    ],
    "listingId": 102,
    "channelId": 2006,
    "guestName": "Sarah Lee",
    "submittedAt": "2024-07-03T08:00:00Z",
    "arrivalDate": "2024-06-28",
    "departureDate": "2024-07-02",
    "listingName": "City Center Apartment"
  },
  {
    "id": 3,
    "type": "guest-to-host",
    "status": "awaiting",
    "rating": 6,
    "publicReview": "Average stay, room could have been cleaner.",
    "privateFeedback": "Please improve housekeeping.",
    "reviewCategory": [
      { "category": "cleanliness", "rating": 5 },
      { "category": "check-in", "rating": 7 }
    ],
    "listingId": 103,
    "channelId": 2007,
    "guestName": "Alex Smith",
    "submittedAt": "2024-07-05T12:30:00Z",
    "arrivalDate": "2024-07-01",
    "departureDate": "2024-07-04",
    "listingName": "Cozy Studio"
  },
  {
    "id": 4,
    "type": "guest-to-host",
    "status": "published",
    "rating": 9,
    "publicReview": "Host was very friendly, excellent communication.",
    "privateFeedback": "",
    "reviewCategory": [
      { "category": "communication", "rating": 10 },
      { "category": "cleanliness", "rating": 8 }
    ],
    "listingId": 104,
    "channelId": 2008,
    "guestName": "Maria Gonzalez",
    "submittedAt": "2024-07-06T14:00:00Z",
    "arrivalDate": "2024-07-02",
    "departureDate": "2024-07-05",
    "listingName": "Modern Flat"
  },
  {
    "id": 5,
    "type": "guest-to-host",
    "status": "published",
    "rating": 7,
    "publicReview": "Good overall but Wi-Fi was slow.",
    "privateFeedback": "Upgrade internet speed.",
    "reviewCategory": [
      { "category": "amenities", "rating": 6 },
      { "category": "location", "rating": 8 }
    ],
    "listingId": 105,
    "channelId": 2005,
    "guestName": "David Chen",
    "submittedAt": "2024-07-07T09:45:00Z",
    "arrivalDate": "2024-07-03",
    "departureDate": "2024-07-06",
    "listingName": "Beachfront Villa"
  },
  {
    "id": 6,
    "type": "guest-to-host",
    "status": "awaiting",
    "rating": 5,
    "publicReview": "Disappointed with cleanliness.",
    "privateFeedback": "Floors were dirty.",
    "reviewCategory": [
      { "category": "cleanliness", "rating": 4 },
      { "category": "value", "rating": 6 }
    ],
    "listingId": 106,
    "channelId": 2006,
    "guestName": "Emma Wilson",
    "submittedAt": "2024-07-08T11:20:00Z",
    "arrivalDate": "2024-07-04",
    "departureDate": "2024-07-07",
    "listingName": "Mountain Retreat"
  },
  {
    "id": 7,
    "type": "guest-to-host",
    "status": "published",
    "rating": 10,
    "publicReview": "Perfect stay! Will come again.",
    "privateFeedback": "",
    "reviewCategory": [
      { "category": "cleanliness", "rating": 10 },
      { "category": "location", "rating": 10 }
    ],
    "listingId": 107,
    "channelId": 2007,
    "guestName": "Liam Brown",
    "submittedAt": "2024-07-09T07:30:00Z",
    "arrivalDate": "2024-07-05",
    "departureDate": "2024-07-08",
    "listingName": "Penthouse Suite"
  },
  {
    "id": 8,
    "type": "guest-to-host",
    "status": "published",
    "rating": 8,
    "publicReview": "Nice apartment, but parking was difficult.",
    "privateFeedback": "Need better parking instructions.",
    "reviewCategory": [
      { "category": "check-in", "rating": 7 },
      { "category": "location", "rating": 9 }
    ],
    "listingId": 108,
    "channelId": 2008,
    "guestName": "Olivia Johnson",
    "submittedAt": "2024-07-10T16:10:00Z",
    "arrivalDate": "2024-07-06",
    "departureDate": "2024-07-09",
    "listingName": "Suburban House"
  },
  {
    "id": 9,
    "type": "guest-to-host",
    "status": "awaiting",
    "rating": 6,
    "publicReview": "Average service, nothing special.",
    "privateFeedback": "",
    "reviewCategory": [
      { "category": "value", "rating": 6 },
      { "category": "communication", "rating": 6 }
    ],
    "listingId": 109,
    "channelId": 2005,
    "guestName": "Noah Davis",
    "submittedAt": "2024-07-11T13:15:00Z",
    "arrivalDate": "2024-07-07",
    "departureDate": "2024-07-10",
    "listingName": "Country Cottage"
  },
  {
    "id": 10,
    "type": "guest-to-host",
    "status": "published",
    "rating": 9,
    "publicReview": "Loved the garden and outdoor area.",
    "privateFeedback": "",
    "reviewCategory": [
      { "category": "amenities", "rating": 9 },
      { "category": "location", "rating": 8 }
    ],
    "listingId": 110,
    "channelId": 2006,
    "guestName": "Sophia Martinez",
    "submittedAt": "2024-07-12T18:00:00Z",
    "arrivalDate": "2024-07-08",
    "departureDate": "2024-07-11",
    "listingName": "Garden Apartment"
  },
  {
    "id": 11,
    "type": "guest-to-host",
    "status": "published",
    "rating": 10,
    "publicReview": "Absolutely loved it! Best Airbnb ever.",
    "privateFeedback": "",
    "reviewCategory": [
      { "category": "cleanliness", "rating": 10 },
      { "category": "check-in", "rating": 10 }
    ],
    "listingId": 111,
    "channelId": 2007,
    "guestName": "Chris Evans",
    "submittedAt": "2024-07-13T11:00:00Z",
    "arrivalDate": "2024-07-09",
    "departureDate": "2024-07-12",
    "listingName": "Riverside Cabin"
  },
  {
    "id": 12,
    "type": "guest-to-host",
    "status": "awaiting",
    "rating": 4,
    "publicReview": "Not what I expected, room was smaller.",
    "privateFeedback": "Update photos.",
    "reviewCategory": [
      { "category": "value", "rating": 4 },
      { "category": "amenities", "rating": 5 }
    ],
    "listingId": 112,
    "channelId": 2008,
    "guestName": "Hannah Clark",
    "submittedAt": "2024-07-14T09:30:00Z",
    "arrivalDate": "2024-07-10",
    "departureDate": "2024-07-13",
    "listingName": "Tiny Studio"
  },
  {
    "id": 13,
    "type": "guest-to-host",
    "status": "published",
    "rating": 7,
    "publicReview": "Nice area, close to transport.",
    "privateFeedback": "",
    "reviewCategory": [
      { "category": "location", "rating": 9 },
      { "category": "cleanliness", "rating": 6 }
    ],
    "listingId": 113,
    "channelId": 2005,
    "guestName": "George Miller",
    "submittedAt": "2024-07-15T12:45:00Z",
    "arrivalDate": "2024-07-11",
    "departureDate": "2024-07-14",
    "listingName": "Urban Flat"
  },
  {
    "id": 14,
    "type": "guest-to-host",
    "status": "published",
    "rating": 8,
    "publicReview": "Great view, very relaxing.",
    "privateFeedback": "",
    "reviewCategory": [
      { "category": "location", "rating": 9 },
      { "category": "amenities", "rating": 8 }
    ],
    "listingId": 114,
    "channelId": 2006,
    "guestName": "Mia Lopez",
    "submittedAt": "2024-07-16T15:00:00Z",
    "arrivalDate": "2024-07-12",
    "departureDate": "2024-07-15",
    "listingName": "Lake House"
  },
  {
    "id": 15,
    "type": "guest-to-host",
    "status": "awaiting",
    "rating": 5,
    "publicReview": "Service was okay, nothing special.",
    "privateFeedback": "",
    "reviewCategory": [
      { "category": "value", "rating": 5 },
      { "category": "communication", "rating": 5 }
    ],
    "listingId": 115,
    "channelId": 2007,
    "guestName": "Ethan Harris",
    "submittedAt": "2024-07-17T10:00:00Z",
    "arrivalDate": "2024-07-13",
    "departureDate": "2024-07-16",
    "listingName": "Countryside Inn"
  },
  {
    "id": 16,
    "type": "guest-to-host",
    "status": "published",
    "rating": 9,
    "publicReview": "Lovely host, easy check-in.",
    "privateFeedback": "",
    "reviewCategory": [
      { "category": "communication", "rating": 9 },
      { "category": "check-in", "rating": 9 }
    ],
    "listingId": 116,
    "channelId": 2008,
    "guestName": "Charlotte King",
    "submittedAt": "2024-07-18T08:20:00Z",
    "arrivalDate": "2024-07-14",
    "departureDate": "2024-07-17",
    "listingName": "Central Apartment"
  },
  {
    "id": 17,
    "type": "guest-to-host",
    "status": "published",
    "rating": 10,
    "publicReview": "Fantastic view of the skyline.",
    "privateFeedback": "",
    "reviewCategory": [
      { "category": "location", "rating": 10 },
      { "category": "amenities", "rating": 9 }
    ],
    "listingId": 117,
    "channelId": 2005,
    "guestName": "James Scott",
    "submittedAt": "2024-07-19T11:45:00Z",
    "arrivalDate": "2024-07-15",
    "departureDate": "2024-07-18",
    "listingName": "Skyline Penthouse"
  },
  {
    "id": 18,
    "type": "guest-to-host",
    "status": "awaiting",
    "rating": 6,
    "publicReview": "The bed was uncomfortable.",
    "privateFeedback": "",
    "reviewCategory": [
      { "category": "amenities", "rating": 5 },
      { "category": "value", "rating": 7 }
    ],
    "listingId": 118,
    "channelId": 2006,
    "guestName": "Isabella Young",
    "submittedAt": "2024-07-20T13:00:00Z",
    "arrivalDate": "2024-07-16",
    "departureDate": "2024-07-19",
    "listingName": "Budget Room"
  },
  {
    "id": 19,
    "type": "guest-to-host",
    "status": "published",
    "rating": 7,
    "publicReview": "Quiet and peaceful location.",
    "privateFeedback": "",
    "reviewCategory": [
      { "category": "location", "rating": 8 },
      { "category": "cleanliness", "rating": 7 }
    ],
    "listingId": 119,
    "channelId": 2007,
    "guestName": "Benjamin Hall",
    "submittedAt": "2024-07-21T09:00:00Z",
    "arrivalDate": "2024-07-17",
    "departureDate": "2024-07-20",
    "listingName": "Forest Cabin"
  },
  {
    "id": 20,
    "type": "guest-to-host",
    "status": "published",
    "rating": 8,
    "publicReview": "Great place for families.",
    "privateFeedback": "",
    "reviewCategory": [
      { "category": "amenities", "rating": 8 },
      { "category": "location", "rating": 8 }
    ],
    "listingId": 120,
    "channelId": 2008,
    "guestName": "Amelia Turner",
    "submittedAt": "2024-07-22T12:30:00Z",
    "arrivalDate": "2024-07-18",
    "departureDate": "2024-07-21",
    "listingName": "Family House"
  },
  {
    "id": 21,
    "type": "guest-to-host",
    "status": "awaiting",
    "rating": 4,
    "publicReview": "Too far from the city.",
    "privateFeedback": "",
    "reviewCategory": [
      { "category": "location", "rating": 3 },
      { "category": "value", "rating": 5 }
    ],
    "listingId": 121,
    "channelId": 2005,
    "guestName": "Lucas Allen",
    "submittedAt": "2024-07-23T14:45:00Z",
    "arrivalDate": "2024-07-19",
    "departureDate": "2024-07-22",
    "listingName": "Remote Cottage"
  },
  {
    "id": 22,
    "type": "guest-to-host",
    "status": "published",
    "rating": 9,
    "publicReview": "Stylish and modern.",
    "privateFeedback": "",
    "reviewCategory": [
      { "category": "cleanliness", "rating": 9 },
      { "category": "amenities", "rating": 9 }
    ],
    "listingId": 122,
    "channelId": 2006,
    "guestName": "Harper Walker",
    "submittedAt": "2024-07-24T10:15:00Z",
    "arrivalDate": "2024-07-20",
    "departureDate": "2024-07-23",
    "listingName": "Designer Loft"
  },
  {
    "id": 23,
    "type": "guest-to-host",
    "status": "published",
    "rating": 7,
    "publicReview": "Good price for the area.",
    "privateFeedback": "",
    "reviewCategory": [
      { "category": "value", "rating": 8 },
      { "category": "location", "rating": 7 }
    ],
    "listingId": 123,
    "channelId": 2007,
    "guestName": "Evelyn Perez",
    "submittedAt": "2024-07-25T09:50:00Z",
    "arrivalDate": "2024-07-21",
    "departureDate": "2024-07-24",
    "listingName": "Economy Apartment"
  },
  {
    "id": 24,
    "type": "guest-to-host",
    "status": "awaiting",
    "rating": 5,
    "publicReview": "Could be better.",
    "privateFeedback": "Needs renovation.",
    "reviewCategory": [
      { "category": "cleanliness", "rating": 5 },
      { "category": "amenities", "rating": 5 }
    ],
    "listingId": 124,
    "channelId": 2008,
    "guestName": "Jack White",
    "submittedAt": "2024-07-26T11:00:00Z",
    "arrivalDate": "2024-07-22",
    "departureDate": "2024-07-25",
    "listingName": "Old Town House"
  },
  {
    "id": 25,
    "type": "guest-to-host",
    "status": "published",
    "rating": 9,
    "publicReview": "Excellent host, very welcoming.",
    "privateFeedback": "",
    "reviewCategory": [
      { "category": "communication", "rating": 10 },
      { "category": "cleanliness", "rating": 9 }
    ],
    "listingId": 125,
    "channelId": 2005,
    "guestName": "Ella Davis",
    "submittedAt": "2024-07-27T09:30:00Z",
    "arrivalDate": "2024-07-23",
    "departureDate": "2024-07-26",
    "listingName": "Seaside Bungalow"
  },
  {
    "id": 26,
    "type": "guest-to-host",
    "status": "published",
    "rating": 8,
    "publicReview": "Nice location, convenient access.",
    "privateFeedback": "",
    "reviewCategory": [
      { "category": "location", "rating": 8 },
      { "category": "amenities", "rating": 8 }
    ],
    "listingId": 126,
    "channelId": 2006,
    "guestName": "Mason Scott",
    "submittedAt": "2024-07-28T08:45:00Z",
    "arrivalDate": "2024-07-24",
    "departureDate": "2024-07-27",
    "listingName": "Downtown Studio"
  },
  {
    "id": 27,
    "type": "guest-to-host",
    "status": "awaiting",
    "rating": 6,
    "publicReview": "Room was small but clean.",
    "privateFeedback": "Add more amenities.",
    "reviewCategory": [
      { "category": "cleanliness", "rating": 6 },
      { "category": "amenities", "rating": 5 }
    ],
    "listingId": 127,
    "channelId": 2007,
    "guestName": "Zoe Brown",
    "submittedAt": "2024-07-29T11:00:00Z",
    "arrivalDate": "2024-07-25",
    "departureDate": "2024-07-28",
    "listingName": "City Apartment"
  },
  {
    "id": 28,
    "type": "guest-to-host",
    "status": "published",
    "rating": 10,
    "publicReview": "Perfect location and view.",
    "privateFeedback": "",
    "reviewCategory": [
      { "category": "location", "rating": 10 },
      { "category": "amenities", "rating": 9 }
    ],
    "listingId": 128,
    "channelId": 2008,
    "guestName": "Lily Evans",
    "submittedAt": "2024-07-30T10:30:00Z",
    "arrivalDate": "2024-07-26",
    "departureDate": "2024-07-29",
    "listingName": "Penthouse View"
  },
  {
    "id": 29,
    "type": "guest-to-host",
    "status": "published",
    "rating": 9,
    "publicReview": "Loved the place, very cozy.",
    "privateFeedback": "",
    "reviewCategory": [
      { "category": "cleanliness", "rating": 9 },
      { "category": "communication", "rating": 8 }
    ],
    "listingId": 129,
    "channelId": 2005,
    "guestName": "Ethan Walker",
    "submittedAt": "2024-07-31T09:15:00Z",
    "arrivalDate": "2024-07-27",
    "departureDate": "2024-07-30",
    "listingName": "Modern Loft"
  },
  {
    "id": 30,
    "type": "guest-to-host",
    "status": "awaiting",
    "rating": 5,
    "publicReview": "Okay stay, needs improvement.",
    "privateFeedback": "Better lighting needed.",
    "reviewCategory": [
      { "category": "value", "rating": 5 },
      { "category": "amenities", "rating": 6 }
    ],
    "listingId": 130,
    "channelId": 2006,
    "guestName": "Chloe Miller",
    "submittedAt": "2024-08-01T12:00:00Z",
    "arrivalDate": "2024-07-28",
    "departureDate": "2024-07-31",
    "listingName": "Cozy Cottage"
  }
]
